index,ブレンドコーヒー_actual,ブレンドコーヒー_predicted
39,36,32.248837
25,35,30.935253
26,27,32.19544
44,35,30.832638
35,32,30.601759
41,19,27.814976
4,30,30.41265
12,27,30.875397
8,33,30.505447
3,24,30.818941
