index,ブレンドコーヒー_actual,ブレンドコーヒー_predicted
39,29,28.908371
25,29,30.417818
26,34,29.034975
44,30,29.598045
35,41,29.113354
41,24,29.22212
4,37,29.139093
12,35,29.303726
8,26,30.275475
3,26,29.147928
