index,ブレンドコーヒー_actual,ブレンドコーヒー_predicted
89,29,29.014503
105,37,28.477219
12,28,30.195175
26,30,28.884789
64,24,30.695248
67,33,28.502434
65,23,30.314974
117,28,27.91426
108,35,28.578941
73,36,29.082499
85,26,28.824423
45,37,28.880001
76,34,29.631584
68,31,28.880045
31,43,29.666035
42,27,28.721317
27,26,29.835852
19,37,29.193153
86,23,29.037865
56,38,29.175512
109,31,28.718376
4,37,29.915348
111,31,28.41978
36,38,29.282148
104,33,29.0287
136,24,28.252762
16,33,29.258158
18,25,28.676554
