ブレンドコーヒー_actual,ブレンドコーヒー_predicted
48,27.859573
30,28.03632
22,27.6085
31,27.661623
32,28.70459
27,28.468742
23,28.441765
29,27.7853
35,28.45722
37,28.357706
